"","summary.mean","summary.sd","summary.2.5.","summary.25.","summary.50.","summary.75.","summary.97.5.","summary.Rhat","summary.n.eff"
"Linf_mu",77.3231365321696,33.393305254783,13.1982495294494,71.6571574564526,74.6290427030444,78.4367730116267,166.13957670031,1.00105921739482,25000
"Linf_std",132.246377192199,9204.29878356175,0.0129665646842499,0.148863114350236,1.65404830875023,18.2211292558057,429.540277490809,1.00100411905862,84000
"Linf_tau",529.445380081815,2244.18370601794,5.41991172628308e-06,0.00301196154120698,0.3655136673942,45.1258919139723,5947.71483871497,1.00100411905862,84000
"Shape",32.7640246945929,3.59508960634356,26.3272214057679,30.2642721651924,32.546379749889,35.0150572064959,40.4773845825243,1.00113398951791,13000
"deviance",4090.49533392637,39.6070181196283,4016.26080490569,4063.13248385355,4089.50783159943,4116.62488720833,4171.26425777,1.00103980673563,34000
"k_mu",0.241297475023991,0.17520113990652,0.0366550159698816,0.143012478878273,0.182121880316199,0.27466548952214,0.770402995107651,1.00099297592664,84000
"k_std",5.93381764487645,1357.97832637871,0.0096371864794627,0.0334912715988997,0.0928527053297823,0.29846911622306,3.67226918163979,1.00098490969311,84000
"k_tau",1293.50519210366,3336.90549046135,0.0741533855558288,11.2253838550319,115.987416884832,891.531568101329,10767.1180506347,1.00098490969311,84000
"p.value[1,1]",0.508714285714286,0.499927031221911,0,0,1,1,1,1.0009916756133,84000
"p.value[2,1]",0.831559523809524,0.374259201183622,0,1,1,1,1,1.00100259136662,84000
"p.value[3,1]",0.919392857142857,0.27223246251241,0,1,1,1,1,1.00108580410816,19000
"p.value[4,1]",0.61827380952381,0.485812840168494,0,0,1,1,1,1.00101871389472,53000
"p.value[5,1]",0.807940476190476,0.393921959833649,0,1,1,1,1,1.00099166574537,84000
"p.value[6,1]",0.558571428571429,0.496560492931024,0,0,1,1,1,1.00107219071867,22000
"p.value[7,1]",0.605154761904762,0.488820335743004,0,0,1,1,1,1.00098232418471,84000
"p.value[8,1]",0.684571428571429,0.464689098668426,0,0,1,1,1,1.00112027664446,14000
"p.value[9,1]",0.81322619047619,0.389732166786231,0,1,1,1,1,1.00101333417343,61000
"p.value[10,1]",0.522619047619048,0.499491089830352,0,0,1,1,1,1.00100662582344,77000
"p.value[11,1]",0.565488095238095,0.495695707618641,0,0,1,1,1,1.00098866877717,84000
"p.value[12,1]",0.693488095238095,0.461047597906669,0,0,1,1,1,1.00100737811051,75000
"p.value[13,1]",0.733297619047619,0.442238113707034,0,0,1,1,1,1.00101098167973,66000
"p.value[14,1]",0.895035714285714,0.306509221502699,0,1,1,1,1,1.0009844417021,84000
"p.value[15,1]",0.931630952380952,0.252379633144647,0,1,1,1,1,1.00101540382321,58000
"p.value[16,1]",0.866202380952381,0.34043677226958,0,1,1,1,1,1.00098447823286,84000
"p.value[17,1]",0.605690476190476,0.488704784594021,0,0,1,1,1,1.00098450968829,84000
"p.value[18,1]",0.796166666666667,0.402848901632459,0,1,1,1,1,1.00099141273153,84000
"p.value[19,1]",0.778726190476191,0.415106928509922,0,1,1,1,1,1.00102517158101,45000
"p.value[20,1]",0.82897619047619,0.376532009148638,0,1,1,1,1,1.00100233901516,84000
"p.value[21,1]",0.818666666666667,0.385296409089182,0,1,1,1,1,1.00100411471053,84000
"p.value[22,1]",0.46797619047619,0.498976391867112,0,0,0,1,1,1.00102680963632,43000
"p.value[23,1]",0.413630952380952,0.492486827268831,0,0,0,1,1,1.00099313615274,84000
"p.value[24,1]",0.360940476190476,0.480276165192583,0,0,0,1,1,1.00106965320373,22000
"p.value[25,1]",0.54872619047619,0.497623056461884,0,0,1,1,1,1.00099362517643,84000
"p.value[26,1]",0.337321428571429,0.472798417476958,0,0,0,1,1,1.00100206156806,84000
"p.value[27,1]",0.156047619047619,0.362902641867513,0,0,0,0,1,1.00099359465072,84000
"p.value[28,1]",0.362928571428571,0.480847352097422,0,0,0,1,1,1.00098351355807,84000
"p.value[29,1]",0.576630952380952,0.494095743205602,0,0,1,1,1,1.00098390592783,84000
"p.value[30,1]",0.368916666666667,0.482514177395931,0,0,0,1,1,1.00098984533971,84000
"p.value[31,1]",0.642261904761905,0.479337340234026,0,0,1,1,1,1.00098586691158,84000
"p.value[32,1]",0.22852380952381,0.419884242199105,0,0,0,0,1,1.0009837864678,84000
"p.value[33,1]",0.499666666666667,0.500002865105265,0,0,0,1,1,1.00099018893374,84000
"p.value[34,1]",0.486916666666667,0.499831772276424,0,0,0,1,1,1.0010242428239,46000
"p.value[35,1]",0.514214285714286,0.499800888256716,0,0,1,1,1,1.00102448561046,46000
"p.value[36,1]",0.379583333333333,0.485286132082534,0,0,0,1,1,1.00099003309722,84000
"p.value[37,1]",0.408404761904762,0.491541644935362,0,0,0,1,1,1.00098459183062,84000
"p.value[38,1]",0.663345238095238,0.472568504848604,0,0,1,1,1,1.00100239243687,84000
"p.value[39,1]",0.477797619047619,0.499509784326075,0,0,0,1,1,1.00100197399847,84000
"p.value[40,1]",0.10877380952381,0.311357065073949,0,0,0,0,1,1.00101041328485,67000
"p.value[41,1]",0.411928571428571,0.492185236830605,0,0,0,1,1,1.00101548049414,57000
"p.value[42,1]",0.0222142857142857,0.147380696865818,0,0,0,0,0,1.00100370878719,84000
"p.value[43,1]",0.0761428571428571,0.265228128034873,0,0,0,0,1,1.00099229180337,84000
"p.value[44,1]",0.347130952380952,0.47606066031642,0,0,0,1,1,1.00102615333193,44000
"p.value[45,1]",0.728226190476191,0.444876569526434,0,0,1,1,1,1.0009834328907,84000
"p.value[46,1]",0.509940476190476,0.499904152795968,0,0,1,1,1,1.0009962180747,84000
"p.value[47,1]",0.916428571428571,0.276745653374591,0,1,1,1,1,1.00100306634145,84000
"p.value[48,1]",0.540607142857143,0.498351298327209,0,0,1,1,1,1.00098582316534,84000
"p.value[49,1]",0.357738095238095,0.479337340234026,0,0,0,1,1,1.00099941849091,84000
"p.value[50,1]",0.136202380952381,0.343005383343441,0,0,0,0,1,1.00103645442025,36000
"p.value[51,1]",0.200119047619048,0.400091639545062,0,0,0,0,1,1.00099129602489,84000
"p.value[52,1]",0.501678571428571,0.500000158590298,0,0,1,1,1,1.00101162113946,65000
"p.value[53,1]",0.375511904761905,0.484257685407474,0,0,0,1,1,1.00099791334295,84000
"p.value[54,1]",0.244666666666667,0.429891950347156,0,0,0,0,1,1.00099037941984,84000
"p.value[55,1]",0.43475,0.495727105411875,0,0,0,1,1,1.00098769676532,84000
"p.value[56,1]",0.184892857142857,0.388212934713071,0,0,0,0,1,1.00100202731288,84000
"p.value[57,1]",0.0758095238095238,0.264694680709477,0,0,0,0,1,1.00101214587455,64000
"p.value[58,1]",0.383321428571429,0.486198442123438,0,0,0,1,1,1.00099217512547,84000
"p.value[59,1]",0.376,0.484382899343184,0,0,0,1,1,1.00099650646339,84000
"p.value[60,1]",0.286428571428571,0.452094766734158,0,0,0,1,1,1.00098333846628,84000
"p.value[61,1]",0.490761904761905,0.499917626020814,0,0,0,1,1,1.00117082971658,11000
"p.value[62,1]",0.415285714285714,0.492774167937163,0,0,0,1,1,1.00098068344764,84000
"p.value[63,1]",0.709011904761905,0.454220739086592,0,0,1,1,1,1.00098989080555,84000
"p.value[64,1]",0.413095238095238,0.492392575769722,0,0,0,1,1,1.00098730601115,84000
"p.value[65,1]",0.631095238095238,0.482510943064969,0,0,1,1,1,1.00098089181505,84000
"p.value[66,1]",0.543690476190476,0.498090449407926,0,0,1,1,1,1.00103125603409,40000
"p.value[67,1]",0.658142857142857,0.474334813427101,0,0,1,1,1,1.00102717631803,43000
"p.value[68,1]",0.641916666666667,0.479439668967139,0,0,1,1,1,1.00098178393853,84000
"p.value[69,1]",0.585071428571429,0.492712636441542,0,0,1,1,1,1.00099545166658,84000
"p.value[70,1]",0.579833333333333,0.49358843102381,0,0,1,1,1,1.00101609784864,56000
"p.value[71,1]",0.345380952380952,0.475495154263596,0,0,0,1,1,1.00103595629955,36000
"p.value[72,1]",0.440666666666667,0.496470029176899,0,0,0,1,1,1.00100044043505,84000
"p.value[73,1]",0.591511904761905,0.491557166376393,0,0,1,1,1,1.0009843062406,84000
"p.value[74,1]",0.598369047619048,0.490230957303791,0,0,1,1,1,1.00102452637497,46000
"p.value[75,1]",0.743047619047619,0.436955521595729,0,0,1,1,1,1.00100757392122,74000
"p.value[76,1]",0.943607142857143,0.230680160174691,0,1,1,1,1,1.00100903611459,70000
"p.value[77,1]",0.327440476190476,0.469282252465114,0,0,0,1,1,1.00099246350788,84000
"p.value[78,1]",0.189666666666667,0.392039605046762,0,0,0,0,1,1.00098761836091,84000
"p.value[79,1]",0.43727380952381,0.496052773818992,0,0,0,1,1,1.00102805440666,42000
"p.value[80,1]",0.535583333333333,0.498735187791198,0,0,1,1,1,1.00099908024576,84000
"p.value[81,1]",0.512,0.499858954617801,0,0,1,1,1,1.00099980362548,84000
"p.value[82,1]",0.465178571428571,0.498788963293172,0,0,0,1,1,1.00099098708135,84000
"p.value[83,1]",0.330654761904762,0.470451724573111,0,0,0,1,1,1.00099332390653,84000
"p.value[84,1]",0.440047619047619,0.496395654145356,0,0,0,1,1,1.00098102231108,84000
"p.value[85,1]",0.478535714285714,0.499542045457546,0,0,0,1,1,1.00101436936499,59000
"p.value[86,1]",0.40672619047619,0.491225883998512,0,0,0,1,1,1.00100621699767,78000
"p.value[87,1]",0.64327380952381,0.479035851846089,0,0,1,1,1,1.00098600704299,84000
"p.value[88,1]",0.317535714285714,0.4655205304948,0,0,0,1,1,1.00098931562335,84000
"p.value[89,1]",0.496833333333333,0.499992948279023,0,0,0,1,1,1.00101768738135,54000
"p.value[90,1]",0.245738095238095,0.430526526907759,0,0,0,0,1,1.00102796672585,42000
"p.value[91,1]",0.375011904761905,0.484128873644168,0,0,0,1,1,1.00100137991991,84000
"p.value[92,1]",0.462011904761905,0.498557783678259,0,0,0,1,1,1.00101330184184,61000
"p.value[93,1]",0.513083333333333,0.499831772276424,0,0,1,1,1,1.00098730970395,84000
"p.value[94,1]",0.353214285714286,0.477971415258214,0,0,0,1,1,1.00099317221358,84000
"p.value[95,1]",0.489785714285714,0.499898633075943,0,0,0,1,1,1.00098966383297,84000
"p.value[96,1]",0.643345238095238,0.479014482370905,0,0,1,1,1,1.00101310290072,62000
"p.value[97,1]",0.538595238095238,0.498511149412754,0,0,1,1,1,1.00104499512906,31000
"p.value[98,1]",0.695845238095238,0.460051260540056,0,0,1,1,1,1.00098835042178,84000
"p.value[99,1]",0.617654761904762,0.485963134848427,0,0,1,1,1,1.00106473404725,24000
"p.value[100,1]",0.24027380952381,0.427252242977479,0,0,0,0,1,1.00105319538263,28000
"p.value[101,1]",0.493119047619048,0.499955626187536,0,0,0,1,1,1.00099895621043,84000
"p.value[102,1]",0.620547619047619,0.485253619016933,0,0,1,1,1,1.00099043199103,84000
"p.value[103,1]",0.522166666666667,0.499511370506408,0,0,1,1,1,1.00100486679676,83000
"p.value[104,1]",0.759797619047619,0.427208812928727,0,1,1,1,1,1.0010263541933,44000
"p.value[105,1]",0.703011904761905,0.456933969085398,0,0,1,1,1,1.00100480428289,83000
"p.value[106,1]",0.654952380952381,0.475386632146401,0,0,1,1,1,1.00098635360389,84000
"p.value[107,1]",0.511428571428571,0.499872346130573,0,0,1,1,1,1.00098542028534,84000
"p.value[108,1]",0.879119047619048,0.325990817127764,0,1,1,1,1,1.00103317462477,38000
"p.value[109,1]",0.667952380952381,0.470950781021526,0,0,1,1,1,1.00103006344193,40000
"p.value[110,1]",0.835880952380952,0.370385770501237,0,1,1,1,1,1.00109563239696,17000
"p.value[111,1]",0.453845238095238,0.497868144008891,0,0,0,1,1,1.00102332723831,47000
"p.value[112,1]",0.279654761904762,0.448832233988931,0,0,0,1,1,1.00098191748203,84000
"p.value[113,1]",0.489952380952381,0.499902010773637,0,0,0,1,1,1.00100646047708,77000
"p.value[114,1]",0.254988095238095,0.435857118892836,0,0,0,1,1,1.00099238599404,84000
"p.value[115,1]",0.16152380952381,0.368015598593155,0,0,0,0,1,1.0010172830489,55000
"p.value[116,1]",0.596869047619048,0.490529562950374,0,0,1,1,1,1.00106485578288,24000
"p.value[117,1]",0.52975,0.499117123718796,0,0,1,1,1,1.00098342571934,84000
"p.value[118,1]",0.516357142857143,0.499735346876953,0,0,1,1,1,1.00098413455434,84000
"p.value[119,1]",0.543773809523809,0.498083132633642,0,0,1,1,1,1.00107892785577,20000
"p.value[120,1]",0.594404761904762,0.491009787128553,0,0,1,1,1,1.00100574523677,80000
"p.value[121,1]",0.438464285714286,0.496201861154934,0,0,0,1,1,1.00100076147439,84000
"p.value[122,1]",0.497261904761905,0.499995478950682,0,0,0,1,1,1.00100869123694,71000
"p.value[123,1]",0.836130952380952,0.370158903733985,0,1,1,1,1,1.0009903329745,84000
"p.value[124,1]",0.417345238095238,0.493123803145152,0,0,0,1,1,1.00101376339974,60000
"p.value[125,1]",0.667904761904762,0.470967760608369,0,0,1,1,1,1.00101418374583,60000
"p.value[126,1]",0.481869047619048,0.499674134689951,0,0,0,1,1,1.00099386301864,84000
"p.value[127,1]",0.59977380952381,0.489946981466285,0,0,1,1,1,1.00098803948355,84000
"p.value[128,1]",0.602630952380952,0.489356453358488,0,0,1,1,1,1.00098642232391,84000
"p.value[129,1]",0.576107142857143,0.49417669924359,0,0,1,1,1,1.00099299033387,84000
"p.value[130,1]",0.579785714285714,0.493596130696001,0,0,1,1,1,1.00100331192209,84000
"p.value[131,1]",0.56272619047619,0.496052773818992,0,0,1,1,1,1.00099007200399,84000
"p.value[132,1]",0.636047619047619,0.481138027212628,0,0,1,1,1,1.00101074301417,66000
"p.value[133,1]",0.389190476190476,0.487569563735957,0,0,0,1,1,1.000988548775,84000
"p.value[134,1]",0.525595238095238,0.499347426361306,0,0,1,1,1,1.00102936624437,41000
"p.value[135,1]",0.332511904761905,0.471116100573888,0,0,0,1,1,1.00098106583323,84000
"p.value[136,1]",0.47252380952381,0.499247459878689,0,0,0,1,1,1.00100073968816,84000
"p.value[137,1]",0.703190476190476,0.456854588574027,0,0,1,1,1,1.00100562426532,80000
"p.value[138,1]",0.430690476190476,0.49517583639179,0,0,0,1,1,1.00101284709968,62000
"p.value[139,1]",0.564559523809524,0.495817501196322,0,0,1,1,1,1.00099321103203,84000
"p.value[140,1]",0.112904761904762,0.316478228329718,0,0,0,0,1,1.0009897404938,84000
"p.value[141,1]",0.25897619047619,0.438075116713105,0,0,0,1,1,1.0010010138446,84000
"p.value[142,1]",0.436821428571429,0.495995359675219,0,0,0,1,1,1.00104208120458,33000
"p.value[143,1]",0.294488095238095,0.455815017766785,0,0,0,1,1,1.00104881023113,29000
"p.value[144,1]",0.317357142857143,0.465450497724415,0,0,0,1,1,1.00099647294405,84000
"p.value[145,1]",0.475047619047619,0.499379963052652,0,0,0,1,1,1.00099153030934,84000
"p.value[146,1]",0.694988095238095,0.46041521077462,0,0,1,1,1,1.00100956378383,69000
"p.value[147,1]",0.683904761904762,0.464953344045802,0,0,1,1,1,1.00099192895273,84000
"p.value[148,1]",0.727142857142857,0.445430673006189,0,0,1,1,1,1.00098696379996,84000
"p.value[149,1]",0.347607142857143,0.476213310233164,0,0,0,1,1,1.00100214561858,84000
"p.value[150,1]",0.65225,0.476259002822516,0,0,1,1,1,1.00099212177068,84000
"p.value[151,1]",0.533214285714286,0.4988985611495,0,0,1,1,1,1.00099250093234,84000
"p.value[152,1]",0.588511904761905,0.492106213813704,0,0,1,1,1,1.00099227678874,84000
"p.value[153,1]",0.47472619047619,0.499363798421172,0,0,0,1,1,1.00101654512372,56000
"p.value[154,1]",0.46625,0.498862606501508,0,0,0,1,1,1.00098513188097,84000
"p.value[155,1]",0.290190476190476,0.453852857091854,0,0,0,1,1,1.00099093478554,84000
"p.value[156,1]",0.618285714285714,0.485809941699679,0,0,1,1,1,1.00098552866206,84000
"p.value[157,1]",0.375761904761905,0.484321884870061,0,0,0,1,1,1.0009989937718,84000
"p.value[158,1]",0.463285714285714,0.498653207553422,0,0,0,1,1,1.00102865192539,42000
"p.value[159,1]",0.415416666666667,0.49279666270826,0,0,0,1,1,1.00102721106293,43000
"p.value[160,1]",0.520297619047619,0.499590810546155,0,0,1,1,1,1.00099442673344,84000
"p.value[161,1]",0.401357142857143,0.490175934865196,0,0,0,1,1,1.00099525477827,84000
"p.value[162,1]",0.716797619047619,0.450556554781243,0,0,1,1,1,1.00099769022395,84000
"p.value[163,1]",0.562964285714286,0.496022608107122,0,0,1,1,1,1.00100707257088,76000
"p.value[164,1]",0.438130952380952,0.496160409145348,0,0,0,1,1,1.00098853270283,84000
"p.value[165,1]",0.49597619047619,0.49998678481543,0,0,0,1,1,1.00099139149652,84000
"p.value[166,1]",0.591309523809524,0.491594800451851,0,0,1,1,1,1.00100461120465,83000
"p.value[167,1]",0.547595238095238,0.497732501016668,0,0,1,1,1,1.00100242907919,84000
"p.value[168,1]",0.695761904761905,0.460086727304288,0,0,1,1,1,1.0010046912123,83000
"p.value[169,1]",0.650535714285714,0.476803633766943,0,0,1,1,1,1.00107023454897,22000
"p.value[170,1]",0.651785714285714,0.476407177620953,0,0,1,1,1,1.00100491090096,82000
"p.value[171,1]",0.553333333333333,0.497150377570636,0,0,1,1,1,1.0009997284496,84000
"p.value[172,1]",0.621095238095238,0.485117248675393,0,0,1,1,1,1.00099439438091,84000
"p.value[173,1]",0.561095238095238,0.496256288294079,0,0,1,1,1,1.00099798620548,84000
"p.value[174,1]",0.515964285714286,0.499748051295325,0,0,1,1,1,1.00102178527461,49000
"p.value[175,1]",0.620630952380952,0.485232909349188,0,0,1,1,1,1.00100553707194,80000
"p.value[176,1]",0.607738095238095,0.488257453475356,0,0,1,1,1,1.00101260622,63000
"p.value[177,1]",0.628488095238095,0.483211743511755,0,0,1,1,1,1.00106850183844,23000
"p.value[178,1]",0.575035714285714,0.494340521076986,0,0,1,1,1,1.00098215646274,84000
"p.value[179,1]",0.655571428571429,0.475184404952527,0,0,1,1,1,1.00100508881513,82000
"p.value[180,1]",0.394023809523809,0.488642905990304,0,0,0,1,1,1.00099010038167,84000
"p.value[181,1]",0.724559523809524,0.446738621751034,0,0,1,1,1,1.00100098145328,84000
"p.value[182,1]",0.318488095238095,0.465892704847214,0,0,0,1,1,1.00098590701631,84000
"p.value[183,1]",0.49525,0.499980413073655,0,0,0,1,1,1.0009883124845,84000
"p.value[184,1]",0.367,0.48198938332713,0,0,0,1,1,1.00099155696083,84000
"p.value[185,1]",0.571345238095238,0.494886626036084,0,0,1,1,1,1.00099940312301,84000
"p.value[186,1]",0.133869047619048,0.340513591593463,0,0,0,0,1,1.00098789741578,84000
"p.value[187,1]",0.433630952380952,0.495578523853413,0,0,0,1,1,1.00098886319894,84000
"p.value[188,1]",0.546976190476191,0.497791309167765,0,0,1,1,1,1.00100812963208,73000
"p.value[189,1]",0.455297619047619,0.498000652181794,0,0,0,1,1,1.0009871667351,84000
"p.value[190,1]",0.398571428571429,0.489607085987461,0,0,0,1,1,1.00098448710663,84000
"p.value[191,1]",0.203857142857143,0.402866405055173,0,0,0,0,1,1.00101845117815,53000
"p.value[192,1]",0.600619047619048,0.48977409379693,0,0,1,1,1,1.00108027242349,20000
"p.value[193,1]",0.33427380952381,0.47173878263924,0,0,0,1,1,1.00098969369722,84000
"p.value[194,1]",0.456761904761905,0.498129923904879,0,0,0,1,1,1.00099497089628,84000
"p.value[195,1]",0.661428571428571,0.473226671184505,0,0,1,1,1,1.00098808853384,84000
"p.value[196,1]",0.640309523809524,0.479912470545663,0,0,1,1,1,1.00099727427069,84000
"p.value[197,1]",0.652,0.476338851213098,0,0,1,1,1,1.00100871811938,71000
"p.value[198,1]",0.507702380952381,0.499943645671483,0,0,1,1,1,1.00100004005965,84000
"p.value[199,1]",0.591416666666667,0.491574887267546,0,0,1,1,1,1.00100262996609,84000
"p.value[200,1]",0.785738095238095,0.410311765813225,0,1,1,1,1,1.00100016510582,84000
"p.value[201,1]",0.646345238095238,0.478106465702236,0,0,1,1,1,1.00102938042677,41000
"p.value[202,1]",0.555964285714286,0.496861084876069,0,0,1,1,1,1.00098358910546,84000
"p.value[203,1]",0.459333333333333,0.49834644451432,0,0,0,1,1,1.00098533772029,84000
"p.value[204,1]",0.591190476190476,0.491616897879253,0,0,1,1,1,1.00099853374336,84000
"p.value[205,1]",0.391702380952381,0.488133652096799,0,0,0,1,1,1.00099443552759,84000
"p.value[206,1]",0.227309523809524,0.419096641803706,0,0,0,0,1,1.0009872875842,84000
"p.value[207,1]",0.699119047619048,0.458643771451077,0,0,1,1,1,1.00102514857442,45000
"p.value[208,1]",0.556083333333333,0.496847661263648,0,0,1,1,1,1.00098135950459,84000
"p.value[209,1]",0.676095238095238,0.467966958428251,0,0,1,1,1,1.0009866532294,84000
"p.value[210,1]",0.625,0.484125799985694,0,0,1,1,1,1.00099666860283,84000
"p.value[211,1]",0.647202380952381,0.477843256001344,0,0,1,1,1,1.00098439369017,84000
"p.value[212,1]",0.32002380952381,0.466488115036968,0,0,0,1,1,1.00107590539122,21000
"p.value[213,1]",0.350119047619048,0.47700986248081,0,0,0,1,1,1.00105624126614,26000
"p.value[214,1]",0.588630952380952,0.492084786380994,0,0,1,1,1,1.00099342727081,84000
"p.value[215,1]",0.546142857142857,0.497869247506931,0,0,1,1,1,1.00100791726923,73000
"p.value[216,1]",0.476357142857143,0.499443675380288,0,0,0,1,1,1.00103226742034,39000
"p.value[217,1]",0.759488095238095,0.427396891717733,0,1,1,1,1,1.00098490189779,84000
"p.value[218,1]",0.618559523809524,0.485743191615021,0,0,1,1,1,1.0009886733916,84000
"p.value[219,1]",0.561011904761905,0.496266540669219,0,0,1,1,1,1.00102612640651,44000
"p.value[220,1]",0.731273809523809,0.443299858436506,0,0,1,1,1,1.00098929597613,84000
"p.value[221,1]",0.596011904761905,0.490698054435815,0,0,1,1,1,1.00103545504299,37000
"p.value[222,1]",0.502083333333333,0.499998635894598,0,0,1,1,1,1.00101114918769,66000
"p.value[223,1]",0.638857142857143,0.480334717214327,0,0,1,1,1,1.00102463713792,45000
"p.value[224,1]",0.633702380952381,0.481795015268553,0,0,1,1,1,1.00098099894166,84000
"p.value[225,1]",0.4645,0.498741126460163,0,0,0,1,1,1.00107037876506,22000
"p.value[226,1]",0.507238095238095,0.499950583137507,0,0,1,1,1,1.00103562737452,36000
"p.value[227,1]",0.491904761904762,0.499937438652004,0,0,0,1,1,1.00098171828671,84000
"p.value[228,1]",0.48925,0.499887399671313,0,0,0,1,1,1.00099572406749,84000
"p.value[229,1]",0.235261904761905,0.424164924039521,0,0,0,0,1,1.00098720506732,84000
"p.value[230,1]",0.452928571428571,0.497782312321588,0,0,0,1,1,1.00101084675624,66000
"p.value[231,1]",0.411964285714286,0.492191626269375,0,0,0,1,1,1.00098803059217,84000
"p.value[232,1]",0.50877380952381,0.499925990098445,0,0,1,1,1,1.0010033995659,84000
"p.value[233,1]",0.457392857142857,0.49818428918591,0,0,0,1,1,1.00102961696723,41000
"p.value[234,1]",0.425630952380952,0.494441255498603,0,0,0,1,1,1.00098303787778,84000
"p.value[235,1]",0.567083333333333,0.495482339786862,0,0,1,1,1,1.00098756968918,84000
"p.value[236,1]",0.698821428571429,0.458772868821113,0,0,1,1,1,1.00100358630833,84000
"p.value[237,1]",0.391214285714286,0.48802510561105,0,0,0,1,1,1.00099302163302,84000
"p.value[238,1]",0.762166666666667,0.425759083138065,0,1,1,1,1,1.00102587722959,44000
"p.value[239,1]",0.669607142857143,0.470357365047415,0,0,1,1,1,1.00098093900218,84000
"p.value[240,1]",0.610261904761905,0.48769369879883,0,0,1,1,1,1.00102197092659,48000
"p.value[241,1]",0.465892857142857,0.498838315672612,0,0,0,1,1,1.00103519104393,37000
"p.value[242,1]",0.726880952380952,0.445564133282857,0,0,1,1,1,1.00099134757292,84000
"p.value[243,1]",0.590392857142857,0.491764181625762,0,0,1,1,1,1.00103085169441,40000
"p.value[244,1]",0.549059523809524,0.497590304061815,0,0,1,1,1,1.00098770351113,84000
"p.value[245,1]",0.401178571428571,0.490139964930011,0,0,0,1,1,1.0010278331839,42000
"p.value[246,1]",0.590869047619048,0.491676411992417,0,0,1,1,1,1.00098137498632,84000
"p.value[247,1]",0.548404761904762,0.497654425638326,0,0,1,1,1,1.00099866899555,84000
"p.value[248,1]",0.597345238095238,0.490435284246644,0,0,1,1,1,1.00099586333544,84000
"p.value[249,1]",0.435761904761905,0.495859248396269,0,0,0,1,1,1.00099442057233,84000
"p.value[250,1]",0.36425,0.48122208422058,0,0,0,1,1,1.00099357670967,84000
"p.value[251,1]",0.377619047619048,0.484794492975463,0,0,0,1,1,1.00101717182736,55000
"p.value[252,1]",0.313714285714286,0.464004521260978,0,0,0,1,1,1.00098622945356,84000
"p.value[253,1]",0.759321428571429,0.427498037812273,0,1,1,1,1,1.00101233164274,63000
"p.value[254,1]",0.576404761904762,0.494130771240848,0,0,1,1,1,1.00100918008293,70000
"p.value[255,1]",0.699916666666667,0.45829665808884,0,0,1,1,1,1.00098512301962,84000
"p.value[256,1]",0.696428571428571,0.459802493698599,0,0,1,1,1,1.0009896296863,84000
"p.value[257,1]",0.445857142857143,0.497062865589151,0,0,0,1,1,1.00098671485942,84000
"p.value[258,1]",0.686071428571429,0.464090494965,0,0,1,1,1,1.00098419603505,84000
"p.value[259,1]",0.463797619047619,0.498690633796718,0,0,0,1,1,1.0010633160323,24000
"p.value[260,1]",0.691404761904762,0.461916396332306,0,0,1,1,1,1.00099475091611,84000
"p.value[261,1]",0.630404761904762,0.482698013100115,0,0,1,1,1,1.00106495511021,24000
"p.value[262,1]",0.722940476190476,0.447548800242972,0,0,1,1,1,1.00102136152425,49000
"p.value[263,1]",0.45775,0.498214705197378,0,0,0,1,1,1.00098511274161,84000
"p.value[264,1]",0.56152380952381,0.49620333737833,0,0,1,1,1,1.00099271784993,84000
"p.value[265,1]",0.715571428571429,0.451144524710562,0,0,1,1,1,1.00100687861098,76000
"p.value[266,1]",0.306857142857143,0.461192333910845,0,0,0,1,1,1.00102274357785,48000
"p.value[267,1]",0.289059523809524,0.453328315915988,0,0,0,1,1,1.00098597178649,84000
"p.value[268,1]",0.335071428571429,0.472018239819174,0,0,0,1,1,1.00100191471663,84000
"p.value[269,1]",0.312357142857143,0.463457349946464,0,0,0,1,1,1.00098959525665,84000
"p.value[270,1]",0.381857142857143,0.485844702931444,0,0,0,1,1,1.00099769121212,84000
"p.value[271,1]",0.271607142857143,0.444791027374658,0,0,0,1,1,1.00100025943791,84000
"p.value[272,1]",0.397916666666667,0.489470985064876,0,0,0,1,1,1.00098793311099,84000
"p.value[273,1]",0.45972619047619,0.498378347425763,0,0,0,1,1,1.00102768820911,43000
"p.value[274,1]",0.290880952380952,0.454171420873369,0,0,0,1,1,1.0009991569827,84000
"p.value[275,1]",0.488857142857143,0.499878796792232,0,0,0,1,1,1.00102361349323,47000
"p.value[276,1]",0.375547619047619,0.484266865182143,0,0,0,1,1,1.00101371619066,61000
"p.value[277,1]",0.536773809523809,0.498648821376184,0,0,1,1,1,1.00098208679341,84000
"p.value[278,1]",0.279214285714286,0.448615720046538,0,0,0,1,1,1.00098764389361,84000
"p.value[279,1]",0.869142857142857,0.337246060032393,0,1,1,1,1,1.00103029944237,40000
"p.value[280,1]",0.586809523809524,0.492409375507602,0,0,1,1,1,1.00110278788411,16000
"p.value[281,1]",0.665880952380952,0.471684384182824,0,0,1,1,1,1.00105938551382,25000
"p.value[282,1]",0.714333333333333,0.451734049581618,0,0,1,1,1,1.00098163400534,84000
"p.value[283,1]",0.768761904761905,0.421626795695216,0,1,1,1,1,1.00101214501205,64000
"p.value[284,1]",0.532107142857143,0.498971036565317,0,0,1,1,1,1.00100593017168,79000
"p.value[285,1]",0.471535714285714,0.49919209831401,0,0,0,1,1,1.00098422417063,84000
"p.value[286,1]",0.539142857142857,0.4984684490721,0,0,1,1,1,1.00099194248346,84000
"p.value[287,1]",0.602369047619048,0.48941130918581,0,0,1,1,1,1.00098637127343,84000
"p.value[288,1]",0.253630952380952,0.435091422577866,0,0,0,1,1,1.00108986974486,18000
"p.value[289,1]",0.855059523809524,0.352042909258823,0,1,1,1,1,1.00106101632795,25000
"p.value[290,1]",0.450535714285714,0.497550230164523,0,0,0,1,1,1.00100212757494,84000
"p.value[291,1]",0.524142857142857,0.499419755051586,0,0,1,1,1,1.00100597686736,79000
"p.value[292,1]",0.489107142857143,0.499884307091755,0,0,0,1,1,1.00099859582333,84000
"p.value[293,1]",0.669178571428571,0.470511685785185,0,0,1,1,1,1.00099920214598,84000
"p.value[294,1]",0.516119047619048,0.499743083430463,0,0,1,1,1,1.000990171611,84000
"p.value[295,1]",0.690285714285714,0.462378516049522,0,0,1,1,1,1.00100731457639,75000
"p.value[296,1]",0.790892857142857,0.406673474070104,0,1,1,1,1,1.00101232660691,63000
"p.value[297,1]",0.394428571428571,0.488730515735673,0,0,0,1,1,1.00098361007034,84000
"p.value[298,1]",0.729488095238095,0.444226927820341,0,0,1,1,1,1.00098342816231,84000
"p.value[299,1]",0.887130952380952,0.316434539426658,0,1,1,1,1,1.0009970707254,84000
"p.value[300,1]",0.801285714285714,0.399034853049787,0,1,1,1,1,1.00099763207209,84000
"p.value[301,1]",0.30947619047619,0.462280458261554,0,0,0,1,1,1.00099413121795,84000
"p.value[302,1]",0.620309523809524,0.485312705778981,0,0,1,1,1,1.00098852865773,84000
"p.value[303,1]",0.716369047619048,0.450762525198742,0,0,1,1,1,1.00101512297351,58000
"p.value[304,1]",0.685952380952381,0.464138208503525,0,0,1,1,1,1.0010854357627,19000
"p.value[305,1]",0.7295,0.444220777532588,0,0,1,1,1,1.00098626938423,84000
"p.value[306,1]",0.11327380952381,0.316929092009973,0,0,0,0,1,1.00099207043843,84000
"p.value[307,1]",0.680630952380952,0.466234969559478,0,0,1,1,1,1.00099780325017,84000
"p.value[308,1]",0.171214285714286,0.376698345346659,0,0,0,0,1,1.00098754355233,84000
"p.value[309,1]",0.652845238095238,0.476068305287304,0,0,1,1,1,1.00106235487052,24000
"p.value[310,1]",0.221630952380952,0.415346514431752,0,0,0,0,1,1.00100996228556,68000
"p.value[311,1]",0.109642857142857,0.312445936431551,0,0,0,0,1,1.00098272867799,84000
"p.value[312,1]",0.883928571428571,0.320312462246261,0,1,1,1,1,1.00103262889207,39000
"p.value[313,1]",0.412488095238095,0.492285030829832,0,0,0,1,1,1.00100001655711,84000
"p.value[314,1]",0.354309523809524,0.478306396239074,0,0,0,1,1,1.00101363817054,61000
"p.value[315,1]",0.331,0.47057585595731,0,0,0,1,1,1.00099662166941,84000
"p.value[316,1]",0.217035714285714,0.412229591398918,0,0,0,0,1,1.00099543387698,84000
"p.value[317,1]",0.155809523809524,0.362676828576714,0,0,0,0,1,1.00098238968381,84000
"p.value[318,1]",0.450059523809524,0.497502658658562,0,0,0,1,1,1.00098850385952,84000
"p.value[319,1]",0.530738095238095,0.499057245693242,0,0,1,1,1,1.00099848910281,84000
"p.value[320,1]",0.358940476190476,0.479692557881894,0,0,0,1,1,1.00098418344915,84000
"p.value[321,1]",0.533011904761905,0.49891199363826,0,0,1,1,1,1.00102879818298,42000
"p.value[322,1]",0.409202380952381,0.491689607836787,0,0,0,1,1,1.00099415554446,84000
"p.value[323,1]",0.598202380952381,0.490264371328145,0,0,1,1,1,1.00103287826315,38000
"p.value[324,1]",0.456142857142857,0.498075801809163,0,0,0,1,1,1.00098343057037,84000
"p.value[325,1]",0.359261904761905,0.47978696206933,0,0,0,1,1,1.00100015241508,84000
"p.value[326,1]",0.354738095238095,0.478436729406543,0,0,0,1,1,1.00104358575954,32000
"p.value[327,1]",0.473940476190476,0.499323411588244,0,0,0,1,1,1.00098323677677,84000
"p.value[328,1]",0.408785714285714,0.491612480779521,0,0,0,1,1,1.00100960954393,69000
"p.value[329,1]",0.381142857142857,0.485670451681928,0,0,0,1,1,1.00102746463006,43000
"p.value[330,1]",0.391619047619048,0.488115156030601,0,0,0,1,1,1.00098296500714,84000
"p.value[331,1]",0.399964285714286,0.489893573094369,0,0,0,1,1,1.0009985168952,84000
"p.value[332,1]",0.561309523809524,0.496229859810268,0,0,1,1,1,1.00098477652556,84000
"p.value[333,1]",0.86522619047619,0.341483847376469,0,1,1,1,1,1.00101436788237,59000
"p.value[334,1]",0.783369047619048,0.411951457258286,0,1,1,1,1,1.00099243605865,84000
"p.value[335,1]",0.833952380952381,0.372125591430335,0,1,1,1,1,1.00101079803838,66000
"p.value[336,1]",0.882154761904762,0.322426697964617,0,1,1,1,1,1.00101429845009,59000
"p.value[337,1]",0.651333333333333,0.476551073658084,0,0,1,1,1,1.00099643048778,84000
"p.value[338,1]",0.74325,0.436842888583599,0,0,1,1,1,1.00101412100273,60000
"p.value[339,1]",0.490285714285714,0.499908599401465,0,0,0,1,1,1.00098103948639,84000
"p.value[340,1]",0.584297619047619,0.492845617867817,0,0,1,1,1,1.00098074066835,84000
"p.value[341,1]",0.826690476190476,0.378516893178705,0,1,1,1,1,1.00102267404735,48000
"p.value[342,1]",0.639321428571429,0.480200254776133,0,0,1,1,1,1.00102197071977,48000
"p.value[343,1]",0.793440476190476,0.404839027342659,0,1,1,1,1,1.00110642317414,16000
"p.value[344,1]",0.597380952380952,0.49042819397389,0,0,1,1,1,1.00099075702718,84000
"p.value[345,1]",0.693464285714286,0.461057589458322,0,0,1,1,1,1.00101653345369,56000
"p.value[346,1]",0.623464285714286,0.484519726025066,0,0,1,1,1,1.00103939198836,34000
"p.value[347,1]",0.52527380952381,0.499363798421172,0,0,1,1,1,1.00102499025728,45000
"p.value[348,1]",0.696904761904762,0.459598770009604,0,0,1,1,1,1.00098885322638,84000
"p.value[349,1]",0.649619047619048,0.477092077395944,0,0,1,1,1,1.00099865339268,84000
"p.value[350,1]",0.668642857142857,0.470703966820147,0,0,1,1,1,1.00098710839642,84000
"p.value[351,1]",0.471059523809524,0.499164717395781,0,0,0,1,1,1.00098250738043,84000
"p.value[352,1]",0.483607142857143,0.499734176599367,0,0,0,1,1,1.00100180372514,84000
"p.value[353,1]",0.283428571428571,0.450665323909613,0,0,0,1,1,1.0009868426001,84000
"p.value[354,1]",0.117642857142857,0.32218667115667,0,0,0,0,1,1.00102247231004,48000
"p.value[355,1]",0.0520238095238095,0.222076382995882,0,0,0,0,1,1.00099154094196,84000
"p.value[356,1]",0.344,0.475043878508262,0,0,0,1,1,1.0010056841712,80000
"p.value[357,1]",0.147285714285714,0.354392618181093,0,0,0,0,1,1.00105634578195,26000
"p.value[358,1]",0.539440476190476,0.498444988484275,0,0,1,1,1,1.00098919700065,84000
"p.value[359,1]",0.180619047619048,0.384704521850288,0,0,0,0,1,1.00100866169668,71000
"p.value[360,1]",0.423154761904762,0.494062460937145,0,0,0,1,1,1.00098455147856,84000
"p.value[361,1]",0.351345238095238,0.477393417331607,0,0,0,1,1,1.00101695420897,55000
"p.value[362,1]",0.781238095238095,0.413409202118186,0,1,1,1,1,1.00099993817605,84000
"p.value[363,1]",0.723047619047619,0.44749541181031,0,0,1,1,1,1.0010522363069,28000
"p.value[364,1]",0.56027380952381,0.496356727426644,0,0,1,1,1,1.00099432383822,84000
"p.value[365,1]",0.299321428571429,0.457963544141165,0,0,0,1,1,1.0009926851319,84000
"p.value[366,1]",0.264583333333333,0.44111371493042,0,0,0,1,1,1.00099565950713,84000
"p.value[367,1]",0.160940476190476,0.367478226478857,0,0,0,0,1,1.00098903795243,84000
"p.value[368,1]",0.343380952380952,0.474840139549266,0,0,0,1,1,1.00098603458134,84000
"p.value[369,1]",0.509690476190476,0.499909061509366,0,0,1,1,1,1.00101105794435,66000
"p.value[370,1]",0.465821428571429,0.498833426680693,0,0,0,1,1,1.00100052565481,84000
"p.value[371,1]",0.35322619047619,0.477975071109133,0,0,0,1,1,1.00099318444098,84000
"p.value[372,1]",0.370690476190476,0.482992571595804,0,0,0,1,1,1.00098334689189,84000
"p.value[373,1]",0.383285714285714,0.486189869870652,0,0,0,1,1,1.00099592772641,84000
"p.value[374,1]",0.43402380952381,0.495630978345589,0,0,0,1,1,1.00100433304857,84000
"p.value[375,1]",0.350678571428571,0.477185311753181,0,0,0,1,1,1.00098689615379,84000
"p.value[376,1]",0.49172619047619,0.499934515198651,0,0,0,1,1,1.00105590253042,27000
"p.value[377,1]",0.0988571428571429,0.298471889303766,0,0,0,0,1,1.00100719931119,75000
"p.value[378,1]",0.682380952380952,0.465553185408451,0,0,1,1,1,1.00099804995851,84000
"p.value[379,1]",0.601511904761905,0.489589814785247,0,0,1,1,1,1.00101504607184,58000
"p.value[380,1]",0.538880952380952,0.49848894648816,0,0,1,1,1,1.00099249419202,84000
"p.value[381,1]",0.475166666666667,0.499385897317671,0,0,0,1,1,1.00098385389949,84000
"p.value[382,1]",0.629190476190476,0.48302442836011,0,0,1,1,1,1.00100837030329,72000
"p.value[383,1]",0.483809523809524,0.499740774388065,0,0,0,1,1,1.00100602724646,79000
"p.value[384,1]",0.650738095238095,0.476739690362566,0,0,1,1,1,1.0010216792558,49000
"p.value[385,1]",0.738940476190476,0.439214919353221,0,0,1,1,1,1.00101193931528,64000
"p.value[386,1]",0.527714285714286,0.499234299151527,0,0,1,1,1,1.00099173361742,84000
"p.value[387,1]",0.569238095238095,0.495185829080988,0,0,1,1,1,1.00100015454584,84000
"p.value[1,2]",0.745845238095238,0.435387615350785,0,0,1,1,1,1.00099144595133,84000
"p.value[2,2]",0.320238095238095,0.46657073324754,0,0,0,1,1,1.00098600898626,84000
"p.value[3,2]",0.263535714285714,0.440553007185954,0,0,0,1,1,1.00099144665042,84000
"p.value[4,2]",0.523345238095238,0.499457675480125,0,0,1,1,1,1.00103177770245,39000
"p.value[5,2]",0.763380952380952,0.425008969683332,0,1,1,1,1,1.00098771616615,84000
"p.value[6,2]",0.714535714285714,0.451637969608201,0,0,1,1,1,1.00099730676141,84000
"p.value[7,2]",0.789833333333333,0.407429276148484,0,1,1,1,1,1.00098807445895,84000
"p.value[8,2]",0.328690476190476,0.469740006711601,0,0,0,1,1,1.00101471429393,59000
"p.value[9,2]",0.371309523809524,0.483157883516171,0,0,0,1,1,1.00113292906972,13000
"p.value[10,2]",0.612559523809524,0.487168532434887,0,0,1,1,1,1.00102685899635,43000
"p.value[11,2]",0.616214285714286,0.486309628978341,0,0,1,1,1,1.0009863104082,84000
"p.value[12,2]",0.469452380952381,0.499068941216827,0,0,0,1,1,1.00101068202655,67000
"p.value[13,2]",0.359845238095238,0.479957690936453,0,0,0,1,1,1.00098395781902,84000
"p.value[14,2]",0.441559523809524,0.496575921999696,0,0,0,1,1,1.0010032107857,84000
"p.value[15,2]",0.138535714285714,0.345463443690881,0,0,0,0,1,1.00100404242319,84000
"p.value[16,2]",0.308178571428571,0.461743519413443,0,0,0,1,1,1.00098113438328,84000
"p.value[17,2]",0.786357142857143,0.409879966274986,0,1,1,1,1,1.00098119481342,84000
"p.value[18,2]",0.399095238095238,0.48971530917243,0,0,0,1,1,1.00099803420165,84000
"p.value[19,2]",0.423166666666667,0.49406431244915,0,0,0,1,1,1.00100314806293,84000
"p.value[20,2]",0.279583333333333,0.448797160084035,0,0,0,1,1,1.00104057129818,33000
"p.value[21,2]",0.325892857142857,0.468710271015206,0,0,0,1,1,1.00103367828977,38000
"p.value[22,2]",0.311130952380952,0.462958998628828,0,0,0,1,1,1.00098972312536,84000
"p.value[23,2]",0.225761904761905,0.418085574995793,0,0,0,0,1,1.00098634591068,84000
"p.value[24,2]",0.431928571428571,0.49534755644312,0,0,0,1,1,1.00099615816637,84000
"p.value[25,2]",0.455583333333333,0.498026216640908,0,0,0,1,1,1.00098143840625,84000
"p.value[26,2]",0.37477380952381,0.484067341138406,0,0,0,1,1,1.00099726580423,84000
"p.value[27,2]",0.422392857142857,0.493943352928034,0,0,0,1,1,1.00098699434244,84000
"p.value[28,2]",0.401166666666667,0.490137564527246,0,0,0,1,1,1.00100137026332,84000
"p.value[29,2]",0.344559523809524,0.475227258208512,0,0,0,1,1,1.00100170483142,84000
"p.value[30,2]",0.481428571428571,0.499657957167447,0,0,0,1,1,1.0009858062539,84000
"p.value[31,2]",0.453714285714286,0.49785598658075,0,0,0,1,1,1.00099715594087,84000
"p.value[32,2]",0.34947619047619,0.476807392201483,0,0,0,1,1,1.0010019173053,84000
"p.value[33,2]",0.774583333333333,0.41785891362907,0,1,1,1,1,1.00109389842338,18000
"p.value[34,2]",0.0518571428571429,0.221739858690077,0,0,0,0,1,1.0010665482794,23000
"p.value[35,2]",0.271119047619048,0.444540056920607,0,0,0,1,1,1.00098890739828,84000
"p.value[36,2]",0.000583333333333333,0.0241453928531242,0,0,0,0,0,1.01004505650979,84000
"p.value[37,2]",0.413809523809524,0.492518110936887,0,0,0,1,1,1.00099113443033,84000
"p.value[38,2]",0.335880952380952,0.472300321591262,0,0,0,1,1,1.00099986433065,84000
"p.value[39,2]",0.869535714285714,0.336815537645706,0,1,1,1,1,1.00098122010562,84000
"p.value[40,2]",0.997535714285714,0.0495806643258546,1,1,1,1,1,1.0009851287165,84000
"p.value[41,2]",0.265416666666667,0.441557449069922,0,0,0,1,1,1.0010426404562,32000
"p.value[42,2]",0.579535714285714,0.493636476639828,0,0,1,1,1,1.0009897757914,84000
"p.value[43,2]",0.901202380952381,0.298391872360613,0,1,1,1,1,1.00100313460946,84000
"p.value[44,2]",0.0177857142857143,0.132172578942753,0,0,0,0,0,1.00102506441775,45000
"p.value[45,2]",0.487166666666667,0.499838253658913,0,0,0,1,1,1.00100216740732,84000
"p.value[46,2]",0.65402380952381,0.475688301203295,0,0,1,1,1,1.00099006288331,84000
"p.value[47,2]",0.269809523809524,0.443863368711791,0,0,0,1,1,1.00098452581961,84000
"p.value[48,2]",0.807416666666667,0.394330881631737,0,1,1,1,1,1.00099202604525,84000
"p.value[49,2]",0.575416666666667,0.494282545618991,0,0,1,1,1,1.00100509317933,82000
"p.value[50,2]",0.951202380952381,0.215445965396912,0,1,1,1,1,1.00101089127182,66000
"p.value[51,2]",0.78802380952381,0.408710501173751,0,1,1,1,1,1.00098487367161,84000
"p.value[52,2]",0.609261904761905,0.487918712769881,0,0,1,1,1,1.00100178103595,84000
"p.value[53,2]",0.473059523809524,0.499276655100243,0,0,0,1,1,1.00098066947604,84000
"p.value[54,2]",0.738261904761905,0.439583399525976,0,0,1,1,1,1.00098527165861,84000
"p.value[55,2]",0.0707261904761905,0.25636844364071,0,0,0,0,1,1.00113768460268,13000
"p.value[56,2]",0.956464285714286,0.204060901673424,0,1,1,1,1,1.00102410649201,46000
"p.value[57,2]",0.99902380952381,0.031228979145234,1,1,1,1,1,1.0027275560092,84000
"p.value[58,2]",0.546702380952381,0.497817072701764,0,0,1,1,1,1.00099019752022,84000
"p.value[59,2]",0.660761904761905,0.473453565334827,0,0,1,1,1,1.00099926568537,84000
"p.value[60,2]",0.289630952380952,0.453593775504725,0,0,0,1,1,1.00098145614917,84000
"p.value[61,2]",0.341809523809524,0.47431893442865,0,0,0,1,1,1.00107974355438,20000
"p.value[62,2]",0.636666666666667,0.480962551651358,0,0,1,1,1,1.00100242679614,84000
"p.value[63,2]",0.0899404761904762,0.286098167354492,0,0,0,0,1,1.00102190548118,49000
"p.value[64,2]",0.201940476190476,0.401450418939752,0,0,0,0,1,1.00098960776306,84000
"p.value[65,2]",0.716833333333333,0.450539367927206,0,0,1,1,1,1.00101511941351,58000
"p.value[66,2]",0.190404761904762,0.392622749849057,0,0,0,0,1,1.00100713922323,76000
"p.value[67,2]",0.474464285714286,0.499350473874776,0,0,0,1,1,1.00100810380339,73000
"p.value[68,2]",0.651083333333333,0.476630392307707,0,0,1,1,1,1.00100919833934,70000
"p.value[69,2]",0.508619047619048,0.499928682273439,0,0,1,1,1,1.00098776688724,84000
"p.value[70,2]",0.589928571428571,0.491849298047691,0,0,1,1,1,1.00100612988424,79000
"p.value[71,2]",0.892357142857143,0.309930663189179,0,1,1,1,1,1.00101564759,57000
"p.value[72,2]",0.933559523809524,0.249051957890859,0,1,1,1,1,1.0010626154653,24000
"p.value[73,2]",0.658726190476191,0.474139929504613,0,0,1,1,1,1.00100358119728,84000
"p.value[74,2]",0.583833333333333,0.492924806415883,0,0,1,1,1,1.00104794785737,30000
"p.value[75,2]",0.212797619047619,0.409288146203556,0,0,0,0,1,1.00098283429389,84000
"p.value[76,2]",0.0138928571428571,0.117047036522108,0,0,0,0,0,1.00098385813758,84000
"p.value[77,2]",0.49027380952381,0.499908367922101,0,0,0,1,1,1.00100508376762,82000
"p.value[78,2]",0.875238095238095,0.330450710173802,0,1,1,1,1,1.00101527106352,58000
"p.value[79,2]",0.243392857142857,0.429132807596581,0,0,0,0,1,1.00104310172327,32000
"p.value[80,2]",0.41147619047619,0.492104072408409,0,0,0,1,1,1.00098500104536,84000
"p.value[81,2]",0.578464285714286,0.493807916905956,0,0,1,1,1,1.00101686454945,55000
"p.value[82,2]",0.471809523809524,0.499207635976454,0,0,0,1,1,1.00100169927184,84000
"p.value[83,2]",0.845154761904762,0.361759240804794,0,1,1,1,1,1.00098911085516,84000
"p.value[84,2]",0.641714285714286,0.479499529056022,0,0,1,1,1,1.00098596949484,84000
"p.value[85,2]",0.328238095238095,0.469574779005638,0,0,0,1,1,1.00099404692385,84000
"p.value[86,2]",0.374059523809524,0.483881993733085,0,0,0,1,1,1.00103053935132,40000
"p.value[87,2]",0.48847619047619,0.499870159600487,0,0,0,1,1,1.00100229751422,84000
"p.value[88,2]",0.871940476190476,0.334158063610771,0,1,1,1,1,1.0009964399014,84000
"p.value[89,2]",0.186964285714286,0.389885176981456,0,0,0,0,1,1.00099917871312,84000
"p.value[90,2]",0.826761904761905,0.378455232089514,0,1,1,1,1,1.00100892363435,71000
"p.value[91,2]",0.836107142857143,0.370180523357221,0,1,1,1,1,1.00108552643566,19000
"p.value[92,2]",0.712845238095238,0.452437113328587,0,0,1,1,1,1.0009848576635,84000
"p.value[93,2]",0.688690476190476,0.463031809444653,0,0,1,1,1,1.00099515937144,84000
"p.value[94,2]",0.638142857142857,0.480540633099527,0,0,1,1,1,1.0009815157052,84000
"p.value[95,2]",0.514452380952381,0.499794060012844,0,0,1,1,1,1.00100434527839,84000
"p.value[96,2]",0.484142857142857,0.499751462481942,0,0,0,1,1,1.00101303232898,62000
"p.value[97,2]",0.606297619047619,0.488573083473722,0,0,1,1,1,1.0009887016937,84000
"p.value[98,2]",0.279654761904762,0.448832233988931,0,0,0,1,1,1.00098291887506,84000
"p.value[99,2]",0.0940833333333333,0.291946355341041,0,0,0,0,1,1.00099890632576,84000
"p.value[100,2]",0.943976190476191,0.229969067230295,0,1,1,1,1,1.00098311132453,84000
"p.value[101,2]",0.282809523809524,0.450367307542948,0,0,0,1,1,1.00100851086129,72000
"p.value[102,2]",0.177714285714286,0.382274323037465,0,0,0,0,1,1.00098433770076,84000
"p.value[103,2]",0.682,0.465702245955374,0,0,1,1,1,1.00100469393389,83000
"p.value[104,2]",0.366202380952381,0.481768575400947,0,0,0,1,1,1.00098191947582,84000
"p.value[105,2]",0.288642857142857,0.453134199299943,0,0,0,1,1,1.00098306487975,84000
"p.value[106,2]",0.385333333333333,0.486676869442651,0,0,0,1,1,1.00101082330341,66000
"p.value[107,2]",0.65427380952381,0.475607279779601,0,0,1,1,1,1.00099693730315,84000
"p.value[108,2]",0.0760595238095238,0.265094906134042,0,0,0,0,1,1.00099957496067,84000
"p.value[109,2]",0.830678571428571,0.375037807217731,0,1,1,1,1,1.00100125763177,84000
"p.value[110,2]",0.291369047619048,0.454395844777745,0,0,0,1,1,1.00098788838778,84000
"p.value[111,2]",0.329428571428571,0.470008529297559,0,0,0,1,1,1.00108196558023,20000
"p.value[112,2]",0.712011904761905,0.452828216160449,0,0,1,1,1,1.00101882316249,52000
"p.value[113,2]",0.282178571428571,0.450062480816688,0,0,0,1,1,1.00098736353014,84000
"p.value[114,2]",0.604904761904762,0.488874049364497,0,0,1,1,1,1.00098333527217,84000
"p.value[115,2]",0.789369047619048,0.407759161338462,0,1,1,1,1,1.00098276384632,84000
"p.value[116,2]",0.584821428571429,0.492755736475082,0,0,1,1,1,1.00099418704594,84000
"p.value[117,2]",0.357345238095238,0.479220568071194,0,0,0,1,1,1.00099919414208,84000
"p.value[118,2]",0.675107142857143,0.468337591606814,0,0,1,1,1,1.00098277336926,84000
"p.value[119,2]",0.415488095238095,0.492808917483725,0,0,0,1,1,1.00098860905038,84000
"p.value[120,2]",0.820738095238095,0.383573755354402,0,1,1,1,1,1.00100552952431,80000
"p.value[121,2]",0.351107142857143,0.477319211217135,0,0,0,1,1,1.00098261491112,84000
"p.value[122,2]",0.501892857142857,0.499999393274722,0,0,1,1,1,1.00102998716499,41000
"p.value[123,2]",0.278869047619048,0.448445644407804,0,0,0,1,1,1.00099658568034,84000
"p.value[124,2]",0.282880952380952,0.450401747533958,0,0,0,1,1,1.00099175630518,84000
"p.value[125,2]",0.629059523809524,0.483059434487722,0,0,1,1,1,1.00099929052615,84000
"p.value[126,2]",0.748285714285714,0.434000514308774,0,0,1,1,1,1.00098999530827,84000
"p.value[127,2]",0.764797619047619,0.424127766630784,0,1,1,1,1,1.00101772725792,54000
"p.value[128,2]",0.383857142857143,0.486326693050477,0,0,0,1,1,1.00099898541522,84000
"p.value[129,2]",0.268571428571429,0.443219082323311,0,0,0,1,1,1.00101476748912,59000
"p.value[130,2]",0.295892857142857,0.456445784848081,0,0,0,1,1,1.00098505196783,84000
"p.value[131,2]",0.380666666666667,0.485553665674912,0,0,0,1,1,1.00098471548808,84000
"p.value[132,2]",0.500595238095238,0.500002621906425,0,0,1,1,1,1.00098685911935,84000
"p.value[133,2]",0.528690476190476,0.499179149206403,0,0,1,1,1,1.00102920439299,41000
"p.value[134,2]",0.397571428571429,0.489398854799822,0,0,0,1,1,1.00101468437118,59000
"p.value[135,2]",0.786440476190476,0.409821733257772,0,1,1,1,1,1.00100525966156,81000
"p.value[136,2]",0.561178571428571,0.496246021713005,0,0,1,1,1,1.00099448433987,84000
"p.value[137,2]",0.62797619047619,0.483347572580772,0,0,1,1,1,1.00098722311602,84000
"p.value[138,2]",0.600392857142857,0.48982050842563,0,0,1,1,1,1.00098127659588,84000
"p.value[139,2]",0.566904761904762,0.495506484085812,0,0,1,1,1,1.00098148134352,84000
"p.value[140,2]",0.913821428571429,0.280629226539205,0,1,1,1,1,1.00101179900889,64000
"p.value[141,2]",0.750178571428571,0.432912131389353,0,1,1,1,1,1.00100611149217,79000
"p.value[142,2]",0.644238095238095,0.478746384248384,0,0,1,1,1,1.00098242977016,84000
"p.value[143,2]",0.564380952380952,0.495840720243618,0,0,1,1,1,1.00105220645433,28000
"p.value[144,2]",0.738690476190476,0.439350833095932,0,0,1,1,1,1.00103538451188,37000
"p.value[145,2]",0.449630952380952,0.49745945067375,0,0,0,1,1,1.00102334927327,47000
"p.value[146,2]",0.21202380952381,0.408744055207733,0,0,0,0,1,1.00099173561971,84000
"p.value[147,2]",0.489642857142857,0.499895693660888,0,0,0,1,1,1.0011871060848,9700
"p.value[148,2]",0.0810714285714286,0.272946403058312,0,0,0,0,1,1.00102149660388,49000
"p.value[149,2]",0.986904761904762,0.113683361537646,1,1,1,1,1,1.00098097862237,84000
"p.value[150,2]",0.476309523809524,0.499441418869404,0,0,0,1,1,1.00100800962384,73000
"p.value[151,2]",0.618857142857143,0.485670451681928,0,0,1,1,1,1.00098112895968,84000
"p.value[152,2]",0.147916666666667,0.355019473904057,0,0,0,0,1,1.00098603230712,84000
"p.value[153,2]",0.546166666666667,0.49786704022374,0,0,1,1,1,1.00098459818686,84000
"p.value[154,2]",0.390928571428571,0.487961328455133,0,0,0,1,1,1.00098745884376,84000
"p.value[155,2]",0.904488095238095,0.29392245451464,0,1,1,1,1,1.00098181297891,84000
"p.value[156,2]",0.545083333333333,0.497966309186338,0,0,1,1,1,1.00099827224254,84000
"p.value[157,2]",0.394845238095238,0.488820335743004,0,0,0,1,1,1.0009841765621,84000
"p.value[158,2]",0.475559523809524,0.499405278544643,0,0,0,1,1,1.00105915785773,25000
"p.value[159,2]",0.3845,0.486479770814282,0,0,0,1,1,1.00098504401547,84000
"p.value[160,2]",0.375583333333333,0.484276042148922,0,0,0,1,1,1.00099875407346,84000
"p.value[161,2]",0.601809523809524,0.489528011140452,0,0,1,1,1,1.00098560485897,84000
"p.value[162,2]",0.794261904761905,0.404242349074638,0,1,1,1,1,1.00100298563241,84000
"p.value[163,2]",0.247916666666667,0.431805758151017,0,0,0,0,1,1.00102477400541,45000
"p.value[164,2]",0.517369047619048,0.499701199537481,0,0,1,1,1,1.00101925787395,52000
"p.value[165,2]",0.60075,0.489747172410867,0,0,1,1,1,1.00098693002391,84000
"p.value[166,2]",0.329095238095238,0.469887423603302,0,0,0,1,1,1.00098751002837,84000
"p.value[167,2]",0.401416666666667,0.490187909800847,0,0,0,1,1,1.00099959476455,84000
"p.value[168,2]",0.295630952380952,0.456328578299192,0,0,0,1,1,1.00102747369509,43000
"p.value[169,2]",0.387369047619048,0.487152023263023,0,0,0,1,1,1.00099273731512,84000
"p.value[170,2]",0.3645,0.481292538534414,0,0,0,1,1,1.00100270068375,84000
"p.value[171,2]",0.391892857142857,0.488175872769975,0,0,0,1,1,1.00099580348845,84000
"p.value[172,2]",0.53602380952381,0.498703565180889,0,0,1,1,1,1.00099207670264,84000
"p.value[173,2]",0.550238095238095,0.497472692684102,0,0,1,1,1,1.00100090064718,84000
"p.value[174,2]",0.467142857142857,0.498922209905248,0,0,0,1,1,1.00099550555446,84000
"p.value[175,2]",0.44477380952381,0.49694366662857,0,0,0,1,1,1.00099205798435,84000
"p.value[176,2]",0.464119047619048,0.498713864009475,0,0,0,1,1,1.00099069701991,84000
"p.value[177,2]",0.689392857142857,0.462744956606114,0,0,1,1,1,1.00103845375721,35000
"p.value[178,2]",0.564857142857143,0.495778657435902,0,0,1,1,1,1.00103261817808,39000
"p.value[179,2]",0.216654761904762,0.411967834296732,0,0,0,0,1,1.0010603353532,25000
"p.value[180,2]",0.744380952380952,0.436211204984509,0,0,1,1,1,1.00105648132766,26000
"p.value[181,2]",0.232952380952381,0.422714674923262,0,0,0,0,1,1.00100727648985,75000
"p.value[182,2]",0.626047619047619,0.483854094550411,0,0,1,1,1,1.00099754952397,84000
"p.value[183,2]",0.600404761904762,0.489818068264165,0,0,1,1,1,1.00099513897819,84000
"p.value[184,2]",0.490202380952381,0.499906973090108,0,0,0,1,1,1.00098170479565,84000
"p.value[185,2]",0.338345238095238,0.473149451101194,0,0,0,1,1,1.00099230883813,84000
"p.value[186,2]",0.954702380952381,0.207957350417482,0,1,1,1,1,1.00100504022369,82000
"p.value[187,2]",0.35802380952381,0.47942204537734,0,0,0,1,1,1.00098736860431,84000
"p.value[188,2]",0.487297619047619,0.499841598732225,0,0,0,1,1,1.00101926343115,52000
"p.value[189,2]",0.474404761904762,0.499347426361306,0,0,0,1,1,1.00098323652579,84000
"p.value[190,2]",0.839202380952381,0.367346364109818,0,1,1,1,1,1.00100013310845,84000
"p.value[191,2]",0.548107142857143,0.497683284308952,0,0,1,1,1,1.00105531578643,27000
"p.value[192,2]",0.461761904761905,0.498538671410445,0,0,0,1,1,1.00103304530632,38000
"p.value[193,2]",0.455964285714286,0.498060045584797,0,0,0,1,1,1.00099583504946,84000
"p.value[194,2]",0.594166666666667,0.491055505569092,0,0,1,1,1,1.00101766493086,54000
"p.value[195,2]",0.553666666666667,0.497114504744481,0,0,1,1,1,1.00100213887468,84000
"p.value[196,2]",0.326190476190476,0.468820718414667,0,0,0,1,1,1.00099861734393,84000
"p.value[197,2]",0.175380952380952,0.3802948798492,0,0,0,0,1,1.00099110554991,84000
"p.value[198,2]",0.946630952380952,0.22476964612787,0,1,1,1,1,1.00099003420333,84000
"p.value[199,2]",0.501630952380952,0.500000316188472,0,0,1,1,1,1.00098193932021,84000
"p.value[200,2]",0.138535714285714,0.345463443690881,0,0,0,0,1,1.00100729475639,75000
"p.value[201,2]",0.372428571428571,0.483454561558956,0,0,0,1,1,1.00100091585396,84000
"p.value[202,2]",0.380583333333333,0.485533177218769,0,0,0,1,1,1.00098288883712,84000
"p.value[203,2]",0.310357142857143,0.462642556200494,0,0,0,1,1,1.00101403691018,60000
"p.value[204,2]",0.35152380952381,0.477448986428762,0,0,0,1,1,1.00100101623211,84000
"p.value[205,2]",0.768940476190476,0.421512912522041,0,1,1,1,1,1.00098212366852,84000
"p.value[206,2]",0.994857142857143,0.0715294979264598,1,1,1,1,1,1.00098378823849,84000
"p.value[207,2]",0.256607142857143,0.436763308978978,0,0,0,1,1,1.00103530195065,37000
"p.value[208,2]",0.322559523809524,0.467458531645166,0,0,0,1,1,1.00099930274981,84000
"p.value[209,2]",0.0303214285714286,0.171471249978717,0,0,0,0,1,1.00102083900962,50000
"p.value[210,2]",0.266559523809524,0.442162720670372,0,0,0,1,1,1.00101870706608,53000
"p.value[211,2]",0.250654761904762,0.433392649108167,0,0,0,1,1,1.00100342354627,84000
"p.value[212,2]",0.916988095238095,0.275901856902092,0,1,1,1,1,1.00099152228635,84000
"p.value[213,2]",0.622345238095238,0.484803507355791,0,0,1,1,1,1.00102103841042,50000
"p.value[214,2]",0.00569047619047619,0.0752207553157611,0,0,0,0,0,1.00098097837698,84000
"p.value[215,2]",0.35352380952381,0.478066361948335,0,0,0,1,1,1.00103748570867,35000
"p.value[216,2]",0.938440476190476,0.240355229989992,0,1,1,1,1,1.00099633868568,84000
"p.value[217,2]",0.339119047619048,0.473413125352566,0,0,0,1,1,1.00099951193961,84000
"p.value[218,2]",0.258642857142857,0.437891553147779,0,0,0,1,1,1.00101824017002,53000
"p.value[219,2]",0.469738095238095,0.499086347683226,0,0,0,1,1,1.00100704391219,76000
"p.value[220,2]",0.22402380952381,0.416940297650246,0,0,0,0,1,1.00100073376348,84000
"p.value[221,2]",0.33847619047619,0.473194172179444,0,0,0,1,1,1.00098645240718,84000
"p.value[222,2]",0.680404761904762,0.466322539292764,0,0,1,1,1,1.00098454294428,84000
"p.value[223,2]",0.418107142857143,0.49325090606644,0,0,0,1,1,1.00099731907038,84000
"p.value[224,2]",0.156452380952381,0.363285844200908,0,0,0,0,1,1.0009846540133,84000
"p.value[225,2]",0.359809523809524,0.479947260269213,0,0,0,1,1,1.00104504517658,31000
"p.value[226,2]",0.477511904761905,0.499497002771777,0,0,0,1,1,1.00099323784236,84000
"p.value[227,2]",0.626142857142857,0.483829274007552,0,0,1,1,1,1.00099480836461,84000
"p.value[228,2]",0.388071428571429,0.487313884451462,0,0,0,1,1,1.0010177507826,54000
"p.value[229,2]",0.829214285714286,0.376323849934771,0,1,1,1,1,1.00101938287383,52000
"p.value[230,2]",0.78627380952381,0.40993817407959,0,1,1,1,1,1.00098367823711,84000
"p.value[231,2]",0.995797619047619,0.0646898041843659,1,1,1,1,1,1.0018508173842,64000
"p.value[232,2]",0.377857142857143,0.484854535986916,0,0,0,1,1,1.00099211250178,84000
"p.value[233,2]",0.675916666666667,0.46803411648899,0,0,1,1,1,1.00100435498116,84000
"p.value[234,2]",0.663547619047619,0.472498501690216,0,0,1,1,1,1.00101129775695,65000
"p.value[235,2]",0.386904761904762,0.487044444661909,0,0,0,1,1,1.00098903952245,84000
"p.value[236,2]",0.307083333333333,0.461286996223861,0,0,0,1,1,1.00103375268726,38000
"p.value[237,2]",0.610404761904762,0.487661378072195,0,0,1,1,1,1.00101607048929,56000
"p.value[238,2]",0.111214285714286,0.314399181162266,0,0,0,0,1,1.00099550752504,84000
"p.value[239,2]",0.285940476190476,0.451863863339443,0,0,0,1,1,1.00099630763203,84000
"p.value[240,2]",0.381059523809524,0.48565004986385,0,0,0,1,1,1.00098224896962,84000
"p.value[241,2]",0.819559523809524,0.384556200392277,0,1,1,1,1,1.00098387554406,84000
"p.value[242,2]",0.176047619047619,0.380862943510329,0,0,0,0,1,1.00098735400681,84000
"p.value[243,2]",0.501809523809524,0.49999970181042,0,0,1,1,1,1.0010214045015,49000
"p.value[244,2]",0.400035714285714,0.489908153477286,0,0,0,1,1,1.00102149751913,49000
"p.value[245,2]",0.744309523809524,0.436251214591066,0,0,1,1,1,1.00112337435511,14000
"p.value[246,2]",0.492142857142857,0.499941237344035,0,0,0,1,1,1.00098903566862,84000
"p.value[247,2]",0.484011904761905,0.499747290131165,0,0,0,1,1,1.00099807853639,84000
"p.value[248,2]",0.412904761904762,0.492358919307284,0,0,0,1,1,1.0009845681464,84000
"p.value[249,2]",0.617678571428571,0.485957369725372,0,0,1,1,1,1.00101653095487,56000
"p.value[250,2]",0.996630952380952,0.0579459844186726,1,1,1,1,1,1.00134331838929,84000
"p.value[251,2]",0.77222619047619,0.419398372918707,0,1,1,1,1,1.00107665220669,21000
"p.value[252,2]",0.32602380952381,0.468758894357293,0,0,0,1,1,1.00098684594002,84000
"p.value[253,2]",0.105630952380952,0.307366522205415,0,0,0,0,1,1.00098500008045,84000
"p.value[254,2]",0.555761904761905,0.496883838725152,0,0,1,1,1,1.0009931432888,84000
"p.value[255,2]",0.555119047619048,0.496955562044613,0,0,1,1,1,1.00098870732837,84000
"p.value[256,2]",0.55175,0.497317687041021,0,0,1,1,1,1.00102276674559,48000
"p.value[257,2]",0.58572619047619,0.492599136218743,0,0,1,1,1,1.00098704433932,84000
"p.value[258,2]",0.341380952380952,0.474175784315196,0,0,0,1,1,1.00098238518503,84000
"p.value[259,2]",0.483,0.499713890926989,0,0,0,1,1,1.00108207693125,20000
"p.value[260,2]",0.32247619047619,0.467426890645543,0,0,0,1,1,1.0009956353773,84000
"p.value[261,2]",0.355154761904762,0.478563040215665,0,0,0,1,1,1.00099956854755,84000
"p.value[262,2]",0.407142857142857,0.491304818414079,0,0,0,1,1,1.00100079457832,84000
"p.value[263,2]",0.562428571428571,0.496090317682172,0,0,1,1,1,1.00102161622908,49000
"p.value[264,2]",0.551595238095238,0.497333767142483,0,0,1,1,1,1.00098762133766,84000
"p.value[265,2]",0.283321428571429,0.450613819116855,0,0,0,1,1,1.00098184721626,84000
"p.value[266,2]",0.441547619047619,0.496574520803926,0,0,0,1,1,1.00100294856501,84000
"p.value[267,2]",0.549464285714286,0.497550230164523,0,0,1,1,1,1.00101664813,56000
"p.value[268,2]",0.642285714285714,0.479330273108913,0,0,1,1,1,1.00098910747155,84000
"p.value[269,2]",0.525416666666667,0.49935654755977,0,0,1,1,1,1.00102208310481,48000
"p.value[270,2]",0.452833333333333,0.497773297090844,0,0,0,1,1,1.00098229117758,84000
"p.value[271,2]",0.686238095238095,0.464023636457065,0,0,1,1,1,1.00098888684506,84000
"p.value[272,2]",0.365761904761905,0.481646027169315,0,0,0,1,1,1.0009968317611,84000
"p.value[273,2]",0.601857142857143,0.489518105041039,0,0,1,1,1,1.00103231540163,39000
"p.value[274,2]",0.872571428571429,0.333454426158653,0,1,1,1,1,1.00106268568237,24000
"p.value[275,2]",0.624154761904762,0.484343254123844,0,0,1,1,1,1.00101787494983,54000
"p.value[276,2]",0.475369047619048,0.499395920275889,0,0,0,1,1,1.0009807854972,84000
"p.value[277,2]",0.179083333333333,0.383424364412485,0,0,0,0,1,1.00099493021863,84000
"p.value[278,2]",0.704404761904762,0.456312581608414,0,0,1,1,1,1.0010507220498,29000
"p.value[279,2]",0.0533095238095238,0.224651328268631,0,0,0,0,1,1.00099495210476,84000
"p.value[280,2]",0.336916666666667,0.472658953146889,0,0,0,1,1,1.00100787829713,73000
"p.value[281,2]",0.690392857142857,0.462334407792451,0,0,1,1,1,1.00099604215225,84000
"p.value[282,2]",0.469916666666667,0.499097143357325,0,0,0,1,1,1.00098746607374,84000
"p.value[283,2]",0.0364166666666667,0.187325681113118,0,0,0,0,1,1.000991720749,84000
"p.value[284,2]",0.608630952380952,0.48805957825322,0,0,1,1,1,1.00101975770677,51000
"p.value[285,2]",0.906238095238095,0.291498922029306,0,1,1,1,1,1.00100357052527,84000
"p.value[286,2]",0.554392857142857,0.497035570252371,0,0,1,1,1,1.00099124291452,84000
"p.value[287,2]",0.290678571428571,0.454078180656029,0,0,0,1,1,1.00098572984863,84000
"p.value[288,2]",0.281833333333333,0.449895226855545,0,0,0,1,1,1.00101921767565,52000
"p.value[289,2]",0.74072619047619,0.438238733530358,0,0,1,1,1,1.00102976345235,41000
"p.value[290,2]",0.995119047619048,0.069693518410654,1,1,1,1,1,1.00098804597724,84000
"p.value[291,2]",0.589916666666667,0.491851474563444,0,0,1,1,1,1.00103809406364,35000
"p.value[292,2]",0.378666666666667,0.485057752424166,0,0,0,1,1,1.00099269016598,84000
"p.value[293,2]",0.650238095238095,0.476897496589969,0,0,1,1,1,1.00098427390929,84000
"p.value[294,2]",0.482166666666667,0.49968484533958,0,0,0,1,1,1.00099174200711,84000
"p.value[295,2]",0.44502380952381,0.496971386224069,0,0,0,1,1,1.00101609219304,56000
"p.value[296,2]",0.288369047619048,0.45300638298755,0,0,0,1,1,1.00098776293843,84000
"p.value[297,2]",0.473654761904762,0.499308418107243,0,0,0,1,1,1.00102773497792,42000
"p.value[298,2]",0.549190476190476,0.497577375361593,0,0,1,1,1,1.00100370443917,84000
"p.value[299,2]",0.0256785714285714,0.158175472968835,0,0,0,0,1,1.00101679218581,55000
"p.value[300,2]",0.00895238095238095,0.0941931072360229,0,0,0,0,0,1.00099226776315,84000
"p.value[301,2]",0.216285714285714,0.411713762262882,0,0,0,0,1,1.00102053395283,50000
"p.value[302,2]",0.681047619047619,0.466073326464091,0,0,1,1,1,1.00099084021826,84000
"p.value[303,2]",0.615488095238095,0.486482597121963,0,0,1,1,1,1.00099357990525,84000
"p.value[304,2]",0.606857142857143,0.488451012191377,0,0,1,1,1,1.00101740331089,54000
"p.value[305,2]",0.648130952380952,0.477556212341489,0,0,1,1,1,1.00098852614781,84000
"p.value[306,2]",0.875654761904762,0.329976962992645,0,1,1,1,1,1.00098157586095,84000
"p.value[307,2]",0.455345238095238,0.498004924399538,0,0,0,1,1,1.00100518870699,82000
"p.value[308,2]",0.239035714285714,0.426497136046101,0,0,0,0,1,1.00100971968956,69000
"p.value[309,2]",0.570059523809524,0.495070278764755,0,0,1,1,1,1.00100050748427,84000
"p.value[310,2]",0.375964285714286,0.484373755123338,0,0,0,1,1,1.00103032800022,40000
"p.value[311,2]",0.202071428571429,0.401547613435971,0,0,0,0,1,1.00098967028375,84000
"p.value[312,2]",0.00407142857142857,0.0636780991663468,0,0,0,0,0,1.0019291795582,63000
"p.value[313,2]",0.243535714285714,0.429218200157766,0,0,0,0,1,1.00099860961104,84000
"p.value[314,2]",0.211702380952381,0.408517404274481,0,0,0,0,1,1.00104332487686,32000
"p.value[315,2]",0.289535714285714,0.453549593026397,0,0,0,1,1,1.00098175699417,84000
"p.value[316,2]",0.306511904761905,0.461047597906669,0,0,0,1,1,1.00099656613587,84000
"p.value[317,2]",0.197333333333333,0.397988410058593,0,0,0,0,1,1.00103685158012,36000
"p.value[318,2]",0.0568214285714286,0.231502466170666,0,0,0,0,1,1.00098982323279,84000
"p.value[319,2]",0.0408690476190476,0.197987967370044,0,0,0,0,1,1.00099770218972,84000
"p.value[320,2]",0.201083333333333,0.400812598227258,0,0,0,0,1,1.00100161612028,84000
"p.value[321,2]",0.633333333333333,0.481897278271416,0,0,1,1,1,1.00101860591942,53000
"p.value[322,2]",0.526595238095238,0.499295164322815,0,0,1,1,1,1.00099038677766,84000
"p.value[323,2]",0.419214285714286,0.493433447283324,0,0,0,1,1,1.0009902902403,84000
"p.value[324,2]",0.356916666666667,0.47909278038908,0,0,0,1,1,1.0009942532807,84000
"p.value[325,2]",0.7365,0.440533835656084,0,0,1,1,1,1.00098268438136,84000
"p.value[326,2]",0.761809523809524,0.425978794608516,0,1,1,1,1,1.00100014287329,84000
"p.value[327,2]",0.727654761904762,0.445169258390824,0,0,1,1,1,1.00100201861631,84000
"p.value[328,2]",0.493202380952381,0.499956766181931,0,0,0,1,1,1.00098419047436,84000
"p.value[329,2]",0.69575,0.460091792529563,0,0,1,1,1,1.00106057214353,25000
"p.value[330,2]",0.470785714285714,0.499148766977922,0,0,0,1,1,1.00103069877403,40000
"p.value[331,2]",0.482321428571429,0.499690344731105,0,0,0,1,1,1.0010090312006,70000
"p.value[332,2]",0.564023809523809,0.495886962160927,0,0,1,1,1,1.0010287922991,42000
"p.value[333,2]",0.00141666666666667,0.0376121863710405,0,0,0,0,0,1.00150131113684,84000
"p.value[334,2]",0.212511904761905,0.409087505784617,0,0,0,0,1,1.0009865798975,84000
"p.value[335,2]",0.575821428571429,0.494220617493165,0,0,1,1,1,1.00100037958322,84000
"p.value[336,2]",0.00415476190476191,0.0643237834304989,0,0,0,0,0,1.00281761187734,42000
"p.value[337,2]",0.440821428571429,0.496488500589267,0,0,0,1,1,1.00103324314273,38000
"p.value[338,2]",0.551297619047619,0.497364553601124,0,0,1,1,1,1.00098890050173,84000
"p.value[339,2]",0.714845238095238,0.451490808745312,0,0,1,1,1,1.00101152915556,65000
"p.value[340,2]",0.542511904761905,0.498192425337983,0,0,1,1,1,1.00105005746756,29000
"p.value[341,2]",0.0375119047619048,0.190013661579235,0,0,0,0,1,1.00099669000483,84000
"p.value[342,2]",0.585821428571429,0.492582552411746,0,0,1,1,1,1.00099617164191,84000
"p.value[343,2]",0.377119047619048,0.484667997712914,0,0,0,1,1,1.00100998341815,68000
"p.value[344,2]",0.387904761904762,0.487275573195588,0,0,0,1,1,1.00099634478091,84000
"p.value[345,2]",0.674607142857143,0.468524235164614,0,0,1,1,1,1.00099545141399,84000
"p.value[346,2]",0.529761904761905,0.499116413981581,0,0,1,1,1,1.00099932541679,84000
"p.value[347,2]",0.76625,0.423217520665733,0,1,1,1,1,1.00101280513955,62000
"p.value[348,2]",0.331821428571429,0.470870053857196,0,0,0,1,1,1.00099320410012,84000
"p.value[349,2]",0.229607142857143,0.420582701305198,0,0,0,0,1,1.00099753187015,84000
"p.value[350,2]",0.297380952380952,0.457108312129902,0,0,0,1,1,1.0009942715166,84000
"p.value[351,2]",0.632404761904762,0.482153239692253,0,0,1,1,1,1.00099128346498,84000
"p.value[352,2]",0.811880952380952,0.390809531333506,0,1,1,1,1,1.00098830334457,84000
"p.value[353,2]",0.25825,0.437674785619277,0,0,0,1,1,1.00100314702915,84000
"p.value[354,2]",0.252904761904762,0.434679413671839,0,0,0,1,1,1.00100363115958,84000
"p.value[355,2]",0.269702380952381,0.443807786644861,0,0,0,1,1,1.00098347234862,84000
"p.value[356,2]",0.347428571428571,0.47615612805754,0,0,0,1,1,1.00098869530755,84000
"p.value[357,2]",0.183071428571429,0.386727373048964,0,0,0,0,1,1.00100832744423,72000
"p.value[358,2]",0.728369047619048,0.444803252512748,0,0,1,1,1,1.00099986828773,84000
"p.value[359,2]",0.394857142857143,0.488822896567654,0,0,0,1,1,1.00102194637683,48000
"p.value[360,2]",0.999916666666667,0.00912838325671739,1,1,1,1,1,1.01003426407355,84000
"p.value[361,2]",0.517845238095238,0.499684420321552,0,0,1,1,1,1.00098226824772,84000
"p.value[362,2]",0.106857142857143,0.308933374801112,0,0,0,0,1,1.00100295072215,84000
"p.value[363,2]",0.431785714285714,0.495327903569578,0,0,0,1,1,1.00101688881535,55000
"p.value[364,2]",0.545011904761905,0.497972770877511,0,0,1,1,1,1.00099747542763,84000
"p.value[365,2]",0.30972619047619,0.462383415174695,0,0,0,1,1,1.00101129271678,65000
"p.value[366,2]",0.688988095238095,0.462910413452422,0,0,1,1,1,1.00099169525907,84000
"p.value[367,2]",0.780083333333333,0.41419242957194,0,1,1,1,1,1.00099297844271,84000
"p.value[368,2]",0.288154761904762,0.452906212199826,0,0,0,1,1,1.00100569268572,80000
"p.value[369,2]",0.4025,0.490404540206264,0,0,0,1,1,1.00103892449194,34000
"p.value[370,2]",0.340011904761905,0.473715611826137,0,0,0,1,1,1.00098076896959,84000
"p.value[371,2]",0.405797619047619,0.491048655434103,0,0,0,1,1,1.00100178051116,84000
"p.value[372,2]",0.581119047619048,0.493378757144499,0,0,1,1,1,1.00103728421987,35000
"p.value[373,2]",0.544714285714286,0.49799958341016,0,0,1,1,1,1.00098264889767,84000
"p.value[374,2]",0.453583333333333,0.497843794409718,0,0,0,1,1,1.00099016558396,84000
"p.value[375,2]",0.514464285714286,0.499793715620747,0,0,1,1,1,1.00098379979442,84000
"p.value[376,2]",0.36972619047619,0.482733372304818,0,0,0,1,1,1.00098099749849,84000
"p.value[377,2]",0.638904761904762,0.480320948581815,0,0,1,1,1,1.00101432112646,59000
"p.value[378,2]",0.404119047619048,0.490723659255166,0,0,0,1,1,1.00098311695527,84000
"p.value[379,2]",0.607380952380952,0.488336124017223,0,0,1,1,1,1.00102340422988,47000
"p.value[380,2]",0.0224166666666667,0.148035200571289,0,0,0,0,0,1.00098343688568,84000
"p.value[381,2]",0.314214285714286,0.464204947926724,0,0,0,1,1,1.00099801173947,84000
"p.value[382,2]",0.0798214285714286,0.271018159035584,0,0,0,0,1,1.00098289870856,84000
"p.value[383,2]",0.533392857142857,0.498886640473354,0,0,1,1,1,1.00100226562083,84000
"p.value[384,2]",0.757357142857143,0.428683436526789,0,1,1,1,1,1.00099733441668,84000
"p.value[385,2]",0.635607142857143,0.481262360993688,0,0,1,1,1,1.00102045067319,50000
"p.value[386,2]",0.518357142857143,0.499665875881333,0,0,1,1,1,1.00098346048779,84000
"p.value[387,2]",0.550369047619048,0.49745945067375,0,0,1,1,1,1.00107740981999,21000
"p.value[4,3]",0.679238095238095,0.466772213162784,0,0,1,1,1,1.00101019915007,68000
"p.value[11,3]",0.66027380952381,0.473619020307579,0,0,1,1,1,1.00100620451389,78000
"p.value[14,3]",0.200821428571429,0.400617140224833,0,0,0,0,1,1.0009974980118,84000
"p.value[18,3]",0.466821428571429,0.498900937580537,0,0,0,1,1,1.00099248714005,84000
"p.value[32,3]",0.864738095238095,0.342005137903651,0,1,1,1,1,1.00101636098022,56000
"p.value[42,3]",0.985988095238095,0.117540358004784,1,1,1,1,1,1.000990813561,84000
"p.value[53,3]",0.657011904761905,0.474710379600523,0,0,1,1,1,1.00100242310638,84000
"p.value[58,3]",0.491928571428571,0.499937823625242,0,0,0,1,1,1.00098422707073,84000
"p.value[62,3]",0.613821428571429,0.486875245203593,0,0,1,1,1,1.00098216062441,84000
"p.value[136,3]",0.655880952380952,0.475082956582315,0,0,1,1,1,1.00101236791143,63000
"p.value[139,3]",0.582940476190476,0.493075827576158,0,0,1,1,1,1.00102198357536,48000
"p.value[156,3]",0.413654761904762,0.492491002280421,0,0,0,1,1,1.00107960416817,20000
"p.value[187,3]",0.856214285714286,0.3508744052823,0,1,1,1,1,1.001011263114,65000
"p.value[296,3]",0.479535714285714,0.499584011203814,0,0,0,1,1,1.00100886935746,71000
"p.value[302,3]",0.622035714285714,0.484881514772774,0,0,1,1,1,1.00098275613896,84000
"p.value[305,3]",0.157416666666667,0.364195330487465,0,0,0,0,1,1.00098522432472,84000
"p.value[332,3]",0.547642857142857,0.497727945133609,0,0,1,1,1,1.00100260700327,84000
"p.value[337,3]",0.35952380952381,0.479863711077503,0,0,0,1,1,1.00099097877656,84000
"p.value[338,3]",0.752166666666667,0.431757097728326,0,1,1,1,1,1.00100397101324,84000
"p.value[340,3]",0.645166666666667,0.478465635378825,0,0,1,1,1,1.00100160638795,84000
"p.value[346,3]",0.624261904761905,0.484315776562135,0,0,1,1,1,1.00098630407397,84000
"p.value[372,3]",0.517880952380952,0.49968314356352,0,0,1,1,1,1.0010053512776,81000
"p.value[379,3]",0.314952380952381,0.46449967411787,0,0,0,1,1,1.00100550253728,80000
"p.value[384,3]",0.00976190476190476,0.0983195049691793,0,0,0,0,0,1.00098638017502,84000
"p.value[332,4]",0.564797619047619,0.495786440724405,0,0,1,1,1,1.00100309923122,84000
"p.value[337,4]",0.543702380952381,0.49808940501465,0,0,1,1,1,1.0009823714083,84000
"p.value[340,4]",0.43972619047619,0.496356727426644,0,0,0,1,1,1.00106949253065,23000
"p.value[332,5]",0.598857142857143,0.490132762818979,0,0,1,1,1,1.00105348890067,27000
"p.value[337,5]",0.576845238095238,0.494062460937146,0,0,1,1,1,1.00099927053783,84000
"rate",9.23825650305849,0.949321428226192,7.53035809639948,8.58049442753641,9.18491180352408,9.83500903146987,11.2544374983706,1.00107783983279,21000
"tau",0.105043423560892,0.0073544602654782,0.0910809900171309,0.099987756405045,0.104873723331113,0.109897277122453,0.11987368218478,1.00102554376378,45000
"variance",9.56676318720004,0.673081678990876,8.3421146474715,9.09940652019751,9.53527698108649,10.0012245094195,10.9792394638213,1.00102554376378,45000
